UUID,Level,Room,Name
d60a7dbd-3a21-4374-bbd5-721f9b24280f,e4182ef4-c289-48a8-91ac-b8463c182a63,312c49fa-9706-4ef1-92e2-506fc63a1ad3,10A1
286924e5-e58b-4fb9-aa93-75ef04554d0f,e4182ef4-c289-48a8-91ac-b8463c182a63,dd1376f9-914d-41ca-9554-93afc62ee3e6,10A2
a1178f9f-f768-4dd3-b1bf-7909ca57ad11,e4182ef4-c289-48a8-91ac-b8463c182a63,6be3425c-32f1-4ebf-acb7-d5e61fa44e15,10A3
d0259ae6-76fb-45ce-9670-4faee9205de5,e4182ef4-c289-48a8-91ac-b8463c182a63,1723e68c-c942-4cfc-a931-7da4859feca2,10A4
d9020432-d533-412f-b45e-8055b12f8aa8,e4182ef4-c289-48a8-91ac-b8463c182a63,ed5e2c00-56d7-409b-aae6-3cb0ce75edee,10A5
0d46d460-844c-4a3b-87b1-64a334f1f329,e4182ef4-c289-48a8-91ac-b8463c182a63,e09d9e00-3fa1-41cd-9d8e-40f2a09cbb68,10A6
9906c6ed-1187-4684-ae42-6f6e230d8181,61058fee-9a9d-45d8-9b36-0eaee3186313,ddfed372-5110-48bf-b91c-fa823708914a,11A1
79af7c4d-fc04-4e3f-8797-3b4f544c643a,61058fee-9a9d-45d8-9b36-0eaee3186313,b9ec640b-28ed-49cb-afb5-2f5b008f26f4,11A2
488082a4-e02c-49ee-a50c-644bcd829e8c,61058fee-9a9d-45d8-9b36-0eaee3186313,f649c599-8a77-4e4a-a55f-e09475d6dee4,11A3
e816ee8b-9f0f-444a-8cee-af8951ade50c,61058fee-9a9d-45d8-9b36-0eaee3186313,ba7cb471-8668-44d8-86a3-1118e072619d,11A4
5b1ac475-f73f-4654-8b26-637c4240acda,61058fee-9a9d-45d8-9b36-0eaee3186313,900aa20d-cc2d-4dde-8dfa-c1b6ad00edef,11A5
a1262a3c-5b85-452a-a901-705f71db11f4,61058fee-9a9d-45d8-9b36-0eaee3186313,42ed2c07-aecd-4427-8919-3d515ce2337a,11A6
35bd0afd-a226-41b2-9d59-7b9a08c979ab,fecfd69e-d276-42e3-957f-468692854090,41c77b19-a669-4eb7-b608-64959ca18075,12A1
66ddd97a-be04-4b10-b0d6-9bea0146ad55,fecfd69e-d276-42e3-957f-468692854090,4fff8e4f-6856-4465-8fa7-18dcad1a3290,12A2
464dc6f2-3bcf-4cfc-a922-947545b1aebc,fecfd69e-d276-42e3-957f-468692854090,a553b039-dfbb-4f90-9aa6-97d508dd6168,12A3
1d49910e-2347-44c2-9564-ea49aff0c942,fecfd69e-d276-42e3-957f-468692854090,d548ffa6-47e1-4356-be59-38478656d867,12A4
ce96e559-933c-4715-85a8-7a8e03e25f79,fecfd69e-d276-42e3-957f-468692854090,6538b006-f27b-43b5-b4d5-1bbecafe2c96,12A5
