UUID,Name,Birthday,Gender,Class
0e24dd71-9356-4116-ad29-a4b5b146e995,Vo Hoang Bao Phuong,02/02/2003,True,1d49910e-2347-44c2-9564-ea49aff0c942
328fe9b5-43f2-4f70-aee4-757412bf8fce,Tran Minh Van,21/07/2001,False,d0259ae6-76fb-45ce-9670-4faee9205de5
eac1efdd-fa84-493b-9590-19de8ea253bd,Le Thuy Phuong,04/07/2002,True,66ddd97a-be04-4b10-b0d6-9bea0146ad55
3203ed73-9fc1-49b7-b5e9-c3dbaf63b9c3,Ly Hoang Bao Phuong,21/02/2004,True,488082a4-e02c-49ee-a50c-644bcd829e8c
127a9ccf-9640-49b8-9649-51cd559e4433,Nguyen Hoang Bao Uyen,25/04/2004,False,0d46d460-844c-4a3b-87b1-64a334f1f329
b8e93bc8-cd11-409a-88eb-56b3c1acb455,Vo Anh Minh,06/05/2004,False,5b1ac475-f73f-4654-8b26-637c4240acda
fba2ee8b-0f5e-44d6-a2ed-c103a4efdc4e,Le Minh Van,30/08/2001,False,ce96e559-933c-4715-85a8-7a8e03e25f79
441e901e-271d-466c-9311-41635c61e5d9,Ho Van Long,26/12/2003,True,0d46d460-844c-4a3b-87b1-64a334f1f329
d6649cbc-2ae8-4a5b-b0f8-2d583fb6458c,Ho Thi Phuong,11/06/2001,False,e816ee8b-9f0f-444a-8cee-af8951ade50c
e174d5d9-55cb-4d14-b7a3-70808946d086,Ho Thuy Long,19/03/2004,True,66ddd97a-be04-4b10-b0d6-9bea0146ad55
63d79eba-ce00-4012-a715-bbe5c5ce10e0,Ho Thuy Phuong,24/11/2003,False,35bd0afd-a226-41b2-9d59-7b9a08c979ab
5d4a3f2b-00f0-412e-a720-129058a0f83e,Ly Anh Uyen,10/03/2001,False,9906c6ed-1187-4684-ae42-6f6e230d8181
1c618225-7464-4942-ae71-4fa51f425ecd,Le Thuy Anh,10/03/2004,False,d0259ae6-76fb-45ce-9670-4faee9205de5
7394a29c-2541-46a9-befe-2eb563316e58,Le Minh Thanh,04/09/2003,True,464dc6f2-3bcf-4cfc-a922-947545b1aebc
104ac4a7-e197-4035-ad1c-22c3abece93f,Vo Thuy Khanh,04/06/2004,True,79af7c4d-fc04-4e3f-8797-3b4f544c643a
560afd0e-c973-4ba9-857c-eba7fe7b4f7e,Ly Hoang Bao Thanh,26/07/2002,True,a1178f9f-f768-4dd3-b1bf-7909ca57ad11
3a8e5759-0bb8-416e-b03e-bc7c04583ff6,Ho Minh Minh,11/07/2003,False,35bd0afd-a226-41b2-9d59-7b9a08c979ab
4509578d-2345-4da2-b035-133b495117d4,Tran Van Phuong,31/05/2002,True,464dc6f2-3bcf-4cfc-a922-947545b1aebc
66fc4508-46d2-470c-82ec-82c1159981f9,Ly Minh Anh,26/08/2002,True,1d49910e-2347-44c2-9564-ea49aff0c942
477601ef-f48b-4235-ab15-c8ddd639c104,Ly Hoang Bao Van,03/01/2004,False,1d49910e-2347-44c2-9564-ea49aff0c942
fe9a519b-1480-4639-bd3d-06debe1d0a81,Le Thi Minh,22/03/2001,True,35bd0afd-a226-41b2-9d59-7b9a08c979ab
bb0afdb1-4ad0-4633-a415-7210b5c17d90,Vo Van Phuong,06/08/2001,False,a1262a3c-5b85-452a-a901-705f71db11f4
53e0f832-2396-45d2-91bb-901f9de6b1c0,Vo Thi Thanh,19/06/2003,True,d60a7dbd-3a21-4374-bbd5-721f9b24280f
5140b6c5-924f-4387-a671-fc8f47f9164f,Nguyen Thi Uyen,30/07/2002,False,1d49910e-2347-44c2-9564-ea49aff0c942
6f75d066-7d88-4ce9-a7b8-957eae1bd685,Le Hoang Bao Long,09/06/2002,True,35bd0afd-a226-41b2-9d59-7b9a08c979ab
16c48ade-7c88-4a09-bc7e-89ba88c2ac8f,Le Anh Dat,04/02/2002,True,1d49910e-2347-44c2-9564-ea49aff0c942
a9a029e4-6341-4f9b-965f-6175ac189a73,Le Anh Phuong,10/02/2002,True,1d49910e-2347-44c2-9564-ea49aff0c942
81bf1aff-733a-4971-b4b9-2dba2a2c0b92,Ly Anh Phuong,26/07/2002,True,286924e5-e58b-4fb9-aa93-75ef04554d0f
c104df24-8521-47c9-9de2-00acb1001408,Ho Thuy Van,09/07/2003,False,464dc6f2-3bcf-4cfc-a922-947545b1aebc
85746048-f574-4c95-9df7-5295d1ab7beb,Vo Van Thanh,13/07/2004,True,35bd0afd-a226-41b2-9d59-7b9a08c979ab
095f96eb-abbc-47c1-888a-72718033b464,Ho Thi Uyen,17/07/2002,False,35bd0afd-a226-41b2-9d59-7b9a08c979ab
e594e88a-e777-4cca-8299-d43ac798bc78,Ly Thuy Dat,27/10/2003,True,d9020432-d533-412f-b45e-8055b12f8aa8
b813cbc3-bec9-4c1c-a04f-a84fc8934f9b,Vo Minh Minh,28/02/2001,False,e816ee8b-9f0f-444a-8cee-af8951ade50c
f6b1c6e4-0989-46c7-8451-fd4b6393d6aa,Nguyen Thuy Phuong,22/03/2003,False,488082a4-e02c-49ee-a50c-644bcd829e8c
27a1b109-cb16-4305-983c-94ead9052ce3,Ly Thuy Van,19/10/2003,False,1d49910e-2347-44c2-9564-ea49aff0c942
cd2a4fc2-513c-42cf-aebc-03b51f1fc7ac,Tran Anh Anh,15/06/2004,False,0d46d460-844c-4a3b-87b1-64a334f1f329
0357a717-5280-474e-a904-d1ff85ae8f8e,Nguyen Minh Van,23/05/2003,False,488082a4-e02c-49ee-a50c-644bcd829e8c
0dc0dfe8-d11f-448d-932b-4c7aad10c83f,Ho Thi Uyen,20/11/2004,False,d0259ae6-76fb-45ce-9670-4faee9205de5
b9fabe9d-36ad-4f76-8ef9-a54c8c6020ab,Nguyen Thuy Van,27/08/2003,False,d9020432-d533-412f-b45e-8055b12f8aa8
e32818d3-ef4a-4320-91a1-c817b81ee905,Tran Minh Minh,08/07/2003,False,d60a7dbd-3a21-4374-bbd5-721f9b24280f
7c830efb-1f04-4d29-a88e-58aff79c6eb7,Ly Anh Thanh,08/05/2003,True,35bd0afd-a226-41b2-9d59-7b9a08c979ab
db40eb16-d176-4d90-ac32-5bc0065bbbc1,Ho Anh Phuong,07/01/2002,False,e816ee8b-9f0f-444a-8cee-af8951ade50c
b58de809-32e0-42ed-bcfb-c00cbe2475e7,Vo Thi Minh,19/09/2001,True,a1178f9f-f768-4dd3-b1bf-7909ca57ad11
538aa40f-e4e1-4a87-a894-a1da3f835234,Nguyen Thuy Anh,05/05/2003,True,d9020432-d533-412f-b45e-8055b12f8aa8
942aa69e-7b45-4aba-a9af-3d5523c8db79,Ly Thi Khanh,01/02/2003,False,79af7c4d-fc04-4e3f-8797-3b4f544c643a
42f7690b-2397-4707-a631-db9c8f06d1b4,Ly Thi Dat,06/04/2001,True,1d49910e-2347-44c2-9564-ea49aff0c942
23354acb-9e83-40ff-b619-1028667c4308,Le Van Hoa,19/03/2001,True,464dc6f2-3bcf-4cfc-a922-947545b1aebc
d4f15e14-dc94-4e6c-bd56-c3a7d1565520,Ho Van Thanh,04/09/2002,True,d60a7dbd-3a21-4374-bbd5-721f9b24280f
c06a0fb1-47db-4aba-839b-7cd20dbf8c76,Nguyen Minh Long,15/01/2004,True,0d46d460-844c-4a3b-87b1-64a334f1f329
3263f8fd-9c33-4e20-a196-8ad648db3391,Tran Minh Hoa,16/08/2004,True,488082a4-e02c-49ee-a50c-644bcd829e8c
79722558-2bb9-4d73-847e-909019898fae,Nguyen Van Minh,13/03/2001,False,488082a4-e02c-49ee-a50c-644bcd829e8c
8523630a-c859-432e-b05f-07835c6ce9a9,Ho Thuy Long,06/02/2003,True,286924e5-e58b-4fb9-aa93-75ef04554d0f
3880a997-8072-40b5-8b13-1b2b7d95d9c6,Ho Hoang Bao Anh,05/09/2001,True,5b1ac475-f73f-4654-8b26-637c4240acda
f2cd5245-2dac-47e4-8d87-9587c7084915,Ly Thuy Minh,08/12/2001,True,ce96e559-933c-4715-85a8-7a8e03e25f79
81ac0e90-94f8-4eae-9c87-cbf530cadfc8,Ho Anh Minh,20/04/2001,True,5b1ac475-f73f-4654-8b26-637c4240acda
294e364c-c736-440c-82b7-42558e2d449e,Nguyen Hoang Bao Uyen,08/06/2003,False,ce96e559-933c-4715-85a8-7a8e03e25f79
9828ea41-757d-4bfb-b711-b6dcc6fc9274,Tran Hoang Bao Anh,24/03/2002,False,5b1ac475-f73f-4654-8b26-637c4240acda
488fcaff-44f0-49c2-9dd3-e1d67f23b22b,Nguyen Minh Anh,15/06/2001,True,e816ee8b-9f0f-444a-8cee-af8951ade50c
eb77cf99-be69-400e-b5fe-cfe6d2f6b499,Tran Anh Anh,03/01/2002,False,a1178f9f-f768-4dd3-b1bf-7909ca57ad11
1764af97-2954-4d25-8904-828ec09bc2b9,Tran Anh Uyen,28/10/2001,False,286924e5-e58b-4fb9-aa93-75ef04554d0f
32c76c4b-b598-4b54-9916-e62bf4bdf3a6,Ly Minh Uyen,08/11/2004,False,286924e5-e58b-4fb9-aa93-75ef04554d0f
d1de91c0-91f2-4e06-a8d7-249f821ef94a,Tran Thuy Uyen,19/01/2004,False,464dc6f2-3bcf-4cfc-a922-947545b1aebc
1bcec66d-b0cc-4f03-88a5-e88b0c1d9cf9,Nguyen Hoang Bao Hoa,18/07/2001,True,a1262a3c-5b85-452a-a901-705f71db11f4
f2270426-b844-456d-854b-7fd31ba0fe67,Le Van Trang,14/07/2004,False,d0259ae6-76fb-45ce-9670-4faee9205de5
62aa1e59-ed44-43d9-a219-5e74315ec716,Tran Thuy Uyen,20/04/2003,False,79af7c4d-fc04-4e3f-8797-3b4f544c643a
92e23dab-d66b-42ff-a6d1-82fa4016a8f5,Le Thi Phuong,09/10/2001,False,488082a4-e02c-49ee-a50c-644bcd829e8c
04d0cc8d-baed-40a6-8ce3-1e561ccd06d4,Le Thi Dat,20/03/2004,True,464dc6f2-3bcf-4cfc-a922-947545b1aebc
2174b800-7e78-46fc-a876-6ffc58b6c972,Vo Hoang Bao Uyen,04/08/2003,False,488082a4-e02c-49ee-a50c-644bcd829e8c
2954c0fc-6f03-491e-aabd-c8dd0f8be6e3,Tran Thuy Uyen,14/05/2004,False,35bd0afd-a226-41b2-9d59-7b9a08c979ab
a00c1ad9-097a-412f-8d1e-9999fd42d6df,Vo Hoang Bao Van,30/08/2004,False,79af7c4d-fc04-4e3f-8797-3b4f544c643a
7bfccd56-8162-4f32-b294-b7d702e2594c,Le Anh Hoa,18/03/2003,True,d0259ae6-76fb-45ce-9670-4faee9205de5
230d0547-85e3-4a91-bef8-63095c527740,Tran Van Khanh,20/05/2003,True,488082a4-e02c-49ee-a50c-644bcd829e8c
c5300e78-c917-4cd6-b6aa-57ed72ddab65,Ho Thuy Anh,08/08/2001,False,1d49910e-2347-44c2-9564-ea49aff0c942
050462a5-2bea-41ca-b1ae-61e250cc5775,Nguyen Anh Khanh,11/09/2004,False,9906c6ed-1187-4684-ae42-6f6e230d8181
ec8fe4e7-332c-417f-9e60-80d0d17874ad,Ho Anh Uyen,24/12/2002,False,1d49910e-2347-44c2-9564-ea49aff0c942
e6841bab-4c9a-44d8-87bf-be8005422da3,Vo Thuy Hoa,30/05/2001,True,66ddd97a-be04-4b10-b0d6-9bea0146ad55
e3e1ede0-0a72-4f98-9070-1e179b0374cd,Tran Anh Anh,08/05/2002,False,d0259ae6-76fb-45ce-9670-4faee9205de5
9eed82a2-48db-4d18-845e-556da6d79ef7,Ho Minh Anh,14/08/2003,False,d0259ae6-76fb-45ce-9670-4faee9205de5
9086e201-824d-4ad4-9157-d88f430e1ccf,Nguyen Thuy Khanh,23/10/2001,False,488082a4-e02c-49ee-a50c-644bcd829e8c
b9615480-2480-4641-826d-cdfbdeef411b,Ly Minh Uyen,30/04/2002,False,d9020432-d533-412f-b45e-8055b12f8aa8
b4e1a3eb-2a6f-43fa-8f13-78f17791428f,Le Anh Anh,14/12/2001,False,0d46d460-844c-4a3b-87b1-64a334f1f329
cc16791a-3243-4e89-8319-95289429c745,Ho Thi Trang,19/03/2003,False,a1178f9f-f768-4dd3-b1bf-7909ca57ad11
c0633d31-ae90-41fc-923d-12fe601a89b2,Vo Thuy Phuong,08/11/2001,False,286924e5-e58b-4fb9-aa93-75ef04554d0f
b499eae3-9f86-4436-864d-aa453ecc52b3,Le Anh Phuong,17/10/2004,False,d60a7dbd-3a21-4374-bbd5-721f9b24280f
b960b224-dc68-484d-a1be-3aefc6aa5192,Tran Thuy Uyen,09/08/2002,False,d60a7dbd-3a21-4374-bbd5-721f9b24280f
4bcf5692-d26b-4fb5-8001-851845a5d055,Ly Thi Khanh,20/09/2003,True,5b1ac475-f73f-4654-8b26-637c4240acda
32011964-06b9-426d-aff7-daf9e7b58f0d,Ly Anh Trang,14/12/2004,False,35bd0afd-a226-41b2-9d59-7b9a08c979ab
ed37deaf-6197-49ab-9eb9-83bdea6eb56a,Nguyen Hoang Bao Phuong,21/07/2002,True,464dc6f2-3bcf-4cfc-a922-947545b1aebc
8cfcb806-0b55-4d90-806b-a8314a700b91,Tran Thi Dat,05/10/2002,True,0d46d460-844c-4a3b-87b1-64a334f1f329
2a5b2b6e-a114-4771-a243-18adb192a115,Ly Anh Khanh,14/06/2002,False,66ddd97a-be04-4b10-b0d6-9bea0146ad55
02ebea8d-e603-49ad-99c1-d67b0a934d4b,Tran Thuy Trang,04/09/2003,False,66ddd97a-be04-4b10-b0d6-9bea0146ad55
765ba5bc-ec01-40ec-9c73-040a21586866,Ho Thi Minh,28/09/2002,True,9906c6ed-1187-4684-ae42-6f6e230d8181
7127ceb7-fe94-4bf1-b47d-9614b21c4f5a,Nguyen Minh Phuong,17/11/2004,False,d60a7dbd-3a21-4374-bbd5-721f9b24280f
759f2f58-0ecb-4dd9-8b49-e635b233ead9,Vo Van Minh,17/09/2002,False,a1262a3c-5b85-452a-a901-705f71db11f4
48c110b1-8f6a-4cac-862e-d815df21d9da,Le Van Minh,17/02/2002,False,e816ee8b-9f0f-444a-8cee-af8951ade50c
54d6fbe4-fc94-4cda-a03b-4345212280a7,Tran Anh Anh,30/04/2003,True,d9020432-d533-412f-b45e-8055b12f8aa8
abf6708d-6b6c-416b-b8a8-c74259eb331c,Tran Van Dat,20/03/2001,True,9906c6ed-1187-4684-ae42-6f6e230d8181
91306f42-49f3-4f4e-b0f3-73f1effeac34,Ly Thuy Trang,09/03/2001,False,66ddd97a-be04-4b10-b0d6-9bea0146ad55
76907c05-461c-408e-95af-21cabaee38c6,Ho Van Hoa,06/07/2003,True,a1262a3c-5b85-452a-a901-705f71db11f4
09e9020a-7e40-4234-a739-bc371302cf4f,Vo Thi Thanh,03/12/2002,True,a1262a3c-5b85-452a-a901-705f71db11f4
7ea2c6fa-c3ce-445a-b029-2b68b8d82f95,Nguyen Hoang Bao Minh,24/12/2003,True,d0259ae6-76fb-45ce-9670-4faee9205de5
7950e351-883d-44e9-b698-f0ae737d1d72,Ly Anh Phuong,13/02/2002,True,5b1ac475-f73f-4654-8b26-637c4240acda
70934b34-7d7a-4a52-b889-bb4886d196b6,Ly Minh Phuong,01/02/2001,False,66ddd97a-be04-4b10-b0d6-9bea0146ad55
33c07af0-e619-45bb-8251-de2326f1b9f5,Vo Anh Phuong,21/08/2003,False,79af7c4d-fc04-4e3f-8797-3b4f544c643a
9c14d8df-33d5-4f83-9c12-ce691f1fc5e9,Ho Thuy Anh,23/12/2001,False,d0259ae6-76fb-45ce-9670-4faee9205de5
5ac37d98-acff-417a-8413-e7cfd29aa736,Vo Hoang Bao Long,13/04/2003,True,d60a7dbd-3a21-4374-bbd5-721f9b24280f
514ec3b1-dfa1-4180-993d-45575986f7fe,Ly Van Long,22/04/2003,True,d9020432-d533-412f-b45e-8055b12f8aa8
bf603359-89ce-4f79-b0d4-e1a60b359e2e,Ly Hoang Bao Uyen,23/12/2001,False,35bd0afd-a226-41b2-9d59-7b9a08c979ab
c1ab560b-3eec-4ad2-b390-cd4f8389b203,Ly Hoang Bao Khanh,09/12/2001,False,d9020432-d533-412f-b45e-8055b12f8aa8
f3ba2924-b499-4557-aa12-c08c98f56f6e,Vo Thuy Phuong,29/07/2003,True,e816ee8b-9f0f-444a-8cee-af8951ade50c
65a80098-d417-4e13-87b0-e05a1bb99e7e,Nguyen Minh Hoa,12/03/2004,True,464dc6f2-3bcf-4cfc-a922-947545b1aebc
3cceb436-dad1-48cb-9b55-b62e0d07b5fd,Ho Thi Anh,23/02/2003,True,0d46d460-844c-4a3b-87b1-64a334f1f329
00eb2651-bae6-4830-a09a-ced6897cee67,Vo Thuy Khanh,30/11/2001,False,d0259ae6-76fb-45ce-9670-4faee9205de5
7b58830d-5eb0-4a00-827d-f67bf7a11c96,Nguyen Van Hoa,28/11/2004,True,66ddd97a-be04-4b10-b0d6-9bea0146ad55
b34f7cfa-9c25-4864-80ae-ceb40b225d3a,Ly Anh Minh,29/04/2003,True,a1178f9f-f768-4dd3-b1bf-7909ca57ad11
0cc16807-9b73-4ee1-a11f-767740d040f3,Ly Minh Phuong,13/01/2001,False,a1262a3c-5b85-452a-a901-705f71db11f4
a88025b9-4b7c-4039-9092-a62806f333ee,Vo Thuy Thanh,30/03/2001,True,66ddd97a-be04-4b10-b0d6-9bea0146ad55
df7c997a-2b6e-4e9b-bbca-fbf94541da22,Le Thi Khanh,04/08/2002,False,488082a4-e02c-49ee-a50c-644bcd829e8c
2adbf1d7-fddb-4110-ae61-5fec3b6b3698,Tran Minh Anh,24/12/2004,False,9906c6ed-1187-4684-ae42-6f6e230d8181
2b53f598-4336-44f2-8bad-97e78f2e97dd,Vo Thi Anh,27/11/2001,True,a1262a3c-5b85-452a-a901-705f71db11f4
4edbdbe8-8e64-4704-88cd-f5b88c882592,Ly Van Phuong,04/05/2003,False,d60a7dbd-3a21-4374-bbd5-721f9b24280f
b1090f63-0f75-4fd4-ba0f-e61c56b0b2c6,Tran Van Minh,06/12/2003,False,a1178f9f-f768-4dd3-b1bf-7909ca57ad11
6700706c-40f1-40f6-b8ad-b8ac29e0b53d,Vo Thi Phuong,18/03/2003,False,a1262a3c-5b85-452a-a901-705f71db11f4
40fe8127-1eaf-44ef-8b67-5b5d4bebfc59,Tran Minh Khanh,10/06/2004,False,d60a7dbd-3a21-4374-bbd5-721f9b24280f
12e6c9fd-8e2f-40ad-a3b7-faac06351051,Le Minh Anh,01/05/2001,False,79af7c4d-fc04-4e3f-8797-3b4f544c643a
ee7b838d-9489-46b5-ada5-bcf41ace3cb5,Vo Anh Hoa,13/06/2003,True,9906c6ed-1187-4684-ae42-6f6e230d8181
83bd2d0b-fb32-4d86-9f52-b8e9b3739408,Ho Anh Khanh,01/10/2001,False,e816ee8b-9f0f-444a-8cee-af8951ade50c
17164658-c252-4b2d-9f54-c31deda13161,Ly Thi Long,13/08/2004,True,488082a4-e02c-49ee-a50c-644bcd829e8c
49975eef-be42-4146-a65b-604c2fee1ec9,Ly Minh Khanh,10/09/2002,False,a1262a3c-5b85-452a-a901-705f71db11f4
21a89279-66c7-493f-9781-4ab635b13c66,Ho Thi Long,25/04/2004,True,a1178f9f-f768-4dd3-b1bf-7909ca57ad11
8563cb3a-b149-4195-86cd-c026798addd5,Le Hoang Bao Khanh,01/06/2003,True,ce96e559-933c-4715-85a8-7a8e03e25f79
7b4951ce-4045-4518-adc5-936db1856e3f,Vo Thuy Trang,23/06/2002,False,a1262a3c-5b85-452a-a901-705f71db11f4
38c10181-0ee2-45ce-b66a-96f36ac726b5,Vo Hoang Bao Uyen,21/03/2001,False,a1262a3c-5b85-452a-a901-705f71db11f4
4784b8e4-d2e3-415e-9505-fd929b8805c5,Le Thuy Trang,10/01/2004,False,488082a4-e02c-49ee-a50c-644bcd829e8c
d14f511a-2ec8-413c-8446-86d414664d21,Le Thuy Anh,11/03/2002,False,5b1ac475-f73f-4654-8b26-637c4240acda
68430ef3-8f32-4ad3-b436-ef95a3120f2c,Vo Thi Uyen,13/07/2003,False,1d49910e-2347-44c2-9564-ea49aff0c942
acc54746-7b9c-4211-8d72-dc0e6ad3d54a,Ho Minh Minh,11/02/2002,True,a1178f9f-f768-4dd3-b1bf-7909ca57ad11
c7b84ddc-c2e3-48f0-b9dc-69238e5e7426,Vo Thuy Long,05/11/2004,True,5b1ac475-f73f-4654-8b26-637c4240acda
3afe08f9-9b10-4f14-abbc-a6613c048b47,Ly Thuy Anh,20/08/2002,False,ce96e559-933c-4715-85a8-7a8e03e25f79
2869847c-c41f-47eb-8900-799941921194,Tran Minh Minh,22/04/2001,False,464dc6f2-3bcf-4cfc-a922-947545b1aebc
612b4d8e-1337-4f63-b53d-2533903be1fd,Ho Thi Long,23/11/2003,True,d0259ae6-76fb-45ce-9670-4faee9205de5
2df2dd0a-45fd-46cd-ae0b-c9d44504d8ec,Nguyen Van Van,15/06/2003,False,464dc6f2-3bcf-4cfc-a922-947545b1aebc
acadd0bf-93a0-445d-b429-9adddd1cb50b,Ly Thi Phuong,13/10/2004,False,a1178f9f-f768-4dd3-b1bf-7909ca57ad11
ad5dae7d-87a7-415e-92e3-35f6cc409563,Tran Thuy Phuong,27/04/2004,True,a1178f9f-f768-4dd3-b1bf-7909ca57ad11
c1e8bedb-64a1-4cdd-8e7a-bf27e6420c72,Ly Thi Minh,07/11/2004,False,a1262a3c-5b85-452a-a901-705f71db11f4
2d2c20f2-1d73-4955-b19e-6e49296a43bc,Nguyen Anh Khanh,19/08/2003,False,e816ee8b-9f0f-444a-8cee-af8951ade50c
72903b7f-ec7e-434e-8075-46bab080e8cc,Ho Van Van,04/11/2001,False,79af7c4d-fc04-4e3f-8797-3b4f544c643a
897dc440-6655-401d-beb4-2206dd1872df,Tran Van Long,03/02/2002,True,d0259ae6-76fb-45ce-9670-4faee9205de5
f3895e9b-7ad7-438a-993c-5a40ebf3dc8f,Vo Hoang Bao Trang,23/07/2002,False,286924e5-e58b-4fb9-aa93-75ef04554d0f
427473df-9159-4dfa-80da-49d5f565788a,Le Van Dat,14/02/2003,True,286924e5-e58b-4fb9-aa93-75ef04554d0f
19c7dedb-c38e-4eb1-9652-cc117c5f979c,Tran Minh Long,26/01/2004,True,286924e5-e58b-4fb9-aa93-75ef04554d0f
f90842ba-c567-4fad-b526-45188ecf38f2,Tran Hoang Bao Trang,08/11/2004,False,e816ee8b-9f0f-444a-8cee-af8951ade50c
82df4af6-d57b-42aa-b5c5-4729231b5c55,Tran Hoang Bao Thanh,08/09/2004,True,464dc6f2-3bcf-4cfc-a922-947545b1aebc
165e698f-cabc-4ee0-b942-8cc3e1b12943,Le Van Uyen,11/04/2004,False,286924e5-e58b-4fb9-aa93-75ef04554d0f
ee120b92-b4a0-4300-9513-9f5654795b56,Le Anh Phuong,29/04/2004,True,9906c6ed-1187-4684-ae42-6f6e230d8181
2cf403dd-6475-4fce-ac33-e886ca660beb,Nguyen Minh Hoa,28/05/2002,True,a1178f9f-f768-4dd3-b1bf-7909ca57ad11
9a9415a8-32df-4cbb-925f-2a64fd0d8f0f,Vo Thuy Anh,06/01/2003,False,464dc6f2-3bcf-4cfc-a922-947545b1aebc
797ec403-df7c-4651-b325-78ee13b4d9e1,Tran Van Minh,27/04/2001,False,5b1ac475-f73f-4654-8b26-637c4240acda
44d276f9-f117-48e6-9b78-223b7ea05980,Le Van Phuong,03/07/2003,False,1d49910e-2347-44c2-9564-ea49aff0c942
fc55b375-f25c-472e-aeed-d15f45c381c4,Tran Anh Phuong,10/03/2003,False,d9020432-d533-412f-b45e-8055b12f8aa8
559e5f32-ad42-46e5-a790-2d803aa56a95,Ho Van Van,29/09/2002,False,35bd0afd-a226-41b2-9d59-7b9a08c979ab
93126489-7c6d-4275-9eeb-9ebf5389b943,Ho Thuy Hoa,13/12/2003,True,e816ee8b-9f0f-444a-8cee-af8951ade50c
d9e965ef-6098-4b00-a95b-faf9edc54602,Ho Thuy Minh,14/11/2002,False,d9020432-d533-412f-b45e-8055b12f8aa8
acc1919b-4368-4d10-a8f4-5cd032f0dba6,Ly Minh Thanh,23/02/2004,True,0d46d460-844c-4a3b-87b1-64a334f1f329
f6492d09-d00e-463b-8bb4-1dc126138be2,Ly Thuy Anh,13/10/2003,True,66ddd97a-be04-4b10-b0d6-9bea0146ad55
d07830f9-84da-4882-ba93-6986081197e3,Tran Thuy Khanh,05/09/2002,True,ce96e559-933c-4715-85a8-7a8e03e25f79
4ec9ab47-bc7f-41ae-b156-bdec27b7b172,Le Van Minh,25/08/2001,False,488082a4-e02c-49ee-a50c-644bcd829e8c
81a28c4e-0d29-447b-92f8-84c1158289cc,Nguyen Minh Minh,25/04/2004,False,ce96e559-933c-4715-85a8-7a8e03e25f79
40a952aa-4671-4ae1-a300-c1f0d5b2d9ba,Ho Anh Thanh,13/07/2001,True,e816ee8b-9f0f-444a-8cee-af8951ade50c
4dd4deee-04c3-4d15-838f-0992dd60d3d6,Ly Anh Phuong,12/04/2003,True,488082a4-e02c-49ee-a50c-644bcd829e8c
c4593708-2eae-4325-bdd4-75fe82d1b4a7,Ly Minh Phuong,02/01/2003,True,286924e5-e58b-4fb9-aa93-75ef04554d0f
7c931fe2-f543-406c-a500-6ecaddc68abd,Ly Hoang Bao Trang,02/03/2003,False,9906c6ed-1187-4684-ae42-6f6e230d8181
81a768fa-8331-45bb-bedd-0dd35d1e4f83,Vo Anh Phuong,08/08/2004,False,1d49910e-2347-44c2-9564-ea49aff0c942
0bc8a435-0488-47c0-99b7-700b516085f6,Tran Anh Trang,02/11/2004,False,488082a4-e02c-49ee-a50c-644bcd829e8c
772cbb53-3c6e-449f-84c0-beb4fbc0e588,Vo Thuy Hoa,24/04/2003,True,a1262a3c-5b85-452a-a901-705f71db11f4
8e83b91d-4f5f-4f15-bc6f-3483e3e628a1,Vo Minh Trang,23/06/2001,False,d9020432-d533-412f-b45e-8055b12f8aa8
792513e3-39b3-47f6-abaa-424b6906e619,Ho Thi Long,19/05/2001,True,5b1ac475-f73f-4654-8b26-637c4240acda
2d7c36a8-4a6e-4204-9df2-4ed159d604da,Le Anh Anh,22/06/2001,True,35bd0afd-a226-41b2-9d59-7b9a08c979ab
2885ba33-8524-488f-bec1-29bc5e814567,Nguyen Thi Phuong,30/05/2003,False,e816ee8b-9f0f-444a-8cee-af8951ade50c
6b1c87f0-7c51-419b-9a14-24f1ead52e95,Nguyen Anh Phuong,07/12/2003,False,35bd0afd-a226-41b2-9d59-7b9a08c979ab
c8dde7b9-e121-46d8-90a5-dc22b3e4a8d7,Ly Minh Minh,26/04/2004,False,35bd0afd-a226-41b2-9d59-7b9a08c979ab
809649e6-42a1-4205-a453-150c1972b27e,Tran Van Dat,14/02/2001,True,ce96e559-933c-4715-85a8-7a8e03e25f79
83c2882d-ebed-4304-bdf9-1826dc90aab9,Nguyen Hoang Bao Thanh,26/06/2001,True,e816ee8b-9f0f-444a-8cee-af8951ade50c
31bb8688-1803-4bf3-ba8f-22bb06f99ecb,Ho Hoang Bao Uyen,03/04/2003,False,a1262a3c-5b85-452a-a901-705f71db11f4
51e71906-8134-4370-80c3-a807320d6dde,Nguyen Hoang Bao Anh,25/10/2002,False,a1178f9f-f768-4dd3-b1bf-7909ca57ad11
cebd2252-0718-4811-9375-5816ad64c00f,Nguyen Thi Minh,15/04/2001,True,66ddd97a-be04-4b10-b0d6-9bea0146ad55
dd5b485e-16f6-4101-9306-3f2b433c9737,Nguyen Van Khanh,13/03/2001,False,d9020432-d533-412f-b45e-8055b12f8aa8
83c025ea-6d01-424a-aab5-cedb20827963,Le Thi Anh,24/09/2004,False,66ddd97a-be04-4b10-b0d6-9bea0146ad55
0e0a1803-0d58-4b12-bfbe-0dc19fdc6c25,Ly Hoang Bao Minh,12/05/2001,True,286924e5-e58b-4fb9-aa93-75ef04554d0f
88139fd8-9b27-4c50-8dc0-4d6be4f672e8,Ho Thi Khanh,27/08/2001,False,a1262a3c-5b85-452a-a901-705f71db11f4
0279be9a-e376-4b6a-b114-0da6ca935267,Le Van Thanh,10/11/2002,True,79af7c4d-fc04-4e3f-8797-3b4f544c643a
92dfa30a-7246-4a5e-b9bf-6ce7432065ff,Vo Hoang Bao Phuong,04/03/2001,False,79af7c4d-fc04-4e3f-8797-3b4f544c643a
fc162e66-2f73-4e4c-9928-0f4e07ff648d,Ly Thuy Hoa,12/01/2004,True,1d49910e-2347-44c2-9564-ea49aff0c942
1c13a36e-8de6-4787-ae89-287c881c7efa,Tran Van Long,18/01/2004,True,9906c6ed-1187-4684-ae42-6f6e230d8181
c922ac2e-361e-4ca2-a320-374f25b1b847,Le Minh Thanh,10/12/2004,True,0d46d460-844c-4a3b-87b1-64a334f1f329
95802e01-f55c-44e4-af0e-384ecb1d2f2b,Tran Thi Van,28/01/2004,False,464dc6f2-3bcf-4cfc-a922-947545b1aebc
8beb8ffb-6d20-4702-889b-cf42956931a5,Ho Van Minh,23/11/2002,False,79af7c4d-fc04-4e3f-8797-3b4f544c643a
804c0e93-76b8-4bd0-96b7-5a1b65dbb500,Ho Minh Minh,18/04/2002,True,488082a4-e02c-49ee-a50c-644bcd829e8c
4fe3fb85-1304-4e58-b0be-c0a59314fe61,Tran Thi Phuong,15/07/2003,True,464dc6f2-3bcf-4cfc-a922-947545b1aebc
e644c6c5-f543-431d-a3cd-ccc2bc1b2370,Tran Anh Khanh,15/09/2001,False,d60a7dbd-3a21-4374-bbd5-721f9b24280f
1a7bd4c4-3955-4f9b-b047-d0368b76a349,Tran Hoang Bao Thanh,29/03/2001,True,35bd0afd-a226-41b2-9d59-7b9a08c979ab
e5d21e10-a987-4e23-bc8a-a99e71cb55ce,Nguyen Thi Uyen,14/03/2002,False,0d46d460-844c-4a3b-87b1-64a334f1f329
8e6ed92d-97d4-4cc5-bfc5-f8fece1cf59e,Vo Hoang Bao Anh,01/07/2001,True,d0259ae6-76fb-45ce-9670-4faee9205de5
71c132f9-ea4c-4fc8-8fbf-76f8b37c8e26,Vo Hoang Bao Anh,17/04/2001,True,79af7c4d-fc04-4e3f-8797-3b4f544c643a
6263d43e-9cd1-465a-9144-e7685cca407d,Ly Thuy Anh,12/06/2003,False,9906c6ed-1187-4684-ae42-6f6e230d8181
ce20b36c-ff47-4ffb-9fa6-b6abf5c3d040,Tran Van Long,16/05/2002,True,5b1ac475-f73f-4654-8b26-637c4240acda
a03cd2ff-3965-43ec-b2d6-3240f61bf656,Ly Thi Anh,21/06/2002,False,d60a7dbd-3a21-4374-bbd5-721f9b24280f
c59c220e-e2a7-4165-ae3e-47e46c309b44,Le Van Phuong,15/11/2002,True,35bd0afd-a226-41b2-9d59-7b9a08c979ab
0fc38912-29e6-48d9-bde1-5759d019ce59,Nguyen Hoang Bao Trang,05/05/2001,False,a1178f9f-f768-4dd3-b1bf-7909ca57ad11
9b37f16f-f61d-45a5-81f1-f87fb4e53d53,Nguyen Thi Minh,15/08/2001,True,464dc6f2-3bcf-4cfc-a922-947545b1aebc
bc7e6751-1042-407e-8f3d-80dbc2edc5e9,Vo Hoang Bao Van,11/06/2004,False,5b1ac475-f73f-4654-8b26-637c4240acda
d453251a-779c-4fa5-b94e-4d95e4eceddd,Ly Minh Minh,20/09/2003,True,286924e5-e58b-4fb9-aa93-75ef04554d0f
adff5dd9-631d-4fcf-b8cc-9239dedf314a,Vo Thuy Uyen,23/12/2001,False,d9020432-d533-412f-b45e-8055b12f8aa8
b382406f-8572-407f-99a0-38cd35db15b8,Tran Van Thanh,22/02/2003,True,286924e5-e58b-4fb9-aa93-75ef04554d0f
634a2db7-6a92-42c3-b032-827b7cec9745,Vo Thi Uyen,24/03/2001,False,9906c6ed-1187-4684-ae42-6f6e230d8181
53555379-fe4d-48cf-8eff-2e1efb1f6666,Nguyen Minh Phuong,25/05/2001,True,66ddd97a-be04-4b10-b0d6-9bea0146ad55
6f2636a2-6649-492b-baad-2572b1bf23b0,Nguyen Thuy Van,29/05/2003,False,d0259ae6-76fb-45ce-9670-4faee9205de5
2dbe42af-0640-44fc-94d7-22d15c588208,Ly Hoang Bao Phuong,21/03/2004,True,5b1ac475-f73f-4654-8b26-637c4240acda
7d2a56f9-abb6-4624-a9f2-89d5f9bfbfb8,Vo Thi Long,10/01/2003,True,66ddd97a-be04-4b10-b0d6-9bea0146ad55
c7ce6d16-ead6-4ea3-a5b3-97d9e87d2229,Le Hoang Bao Trang,24/10/2001,False,0d46d460-844c-4a3b-87b1-64a334f1f329
806b19c5-9ae5-4f04-87ee-14815aac2b95,Ho Anh Thanh,25/08/2004,True,0d46d460-844c-4a3b-87b1-64a334f1f329
d378e3c3-5d2b-49ea-999d-cfb01c2e20bb,Le Hoang Bao Phuong,24/04/2003,False,79af7c4d-fc04-4e3f-8797-3b4f544c643a
dbfeea66-9b70-4f0e-b064-47c46b9a4888,Ly Anh Phuong,22/08/2002,False,79af7c4d-fc04-4e3f-8797-3b4f544c643a
8b26fc21-aab0-4088-94f2-d70beaf22743,Vo Hoang Bao Uyen,23/09/2003,False,66ddd97a-be04-4b10-b0d6-9bea0146ad55
9a48f591-5840-4128-8f5c-0cc79e2b34d0,Tran Thi Phuong,08/04/2002,True,d0259ae6-76fb-45ce-9670-4faee9205de5
01447c4a-1dbe-44d8-9779-ca42486771c3,Ho Minh Minh,30/09/2001,False,286924e5-e58b-4fb9-aa93-75ef04554d0f
fd5390f7-7b1f-498a-b3a4-83a74419b67b,Nguyen Anh Uyen,12/09/2002,False,1d49910e-2347-44c2-9564-ea49aff0c942
4b8f8808-c1bc-4294-8256-ed9a6a545948,Ho Van Thanh,18/01/2004,True,a1178f9f-f768-4dd3-b1bf-7909ca57ad11
0c81a0d4-d1ba-4074-bfb6-a1cd3970f180,Tran Minh Uyen,10/12/2003,False,a1262a3c-5b85-452a-a901-705f71db11f4
ee7da979-7178-45aa-a2f0-2f4bee624a52,Nguyen Van Anh,28/02/2004,True,d9020432-d533-412f-b45e-8055b12f8aa8
2cca9390-9af0-48a7-bc0b-b95b9b5ed122,Vo Minh Khanh,21/03/2002,True,9906c6ed-1187-4684-ae42-6f6e230d8181
d8a279b3-bb99-4635-a3cd-4937253d8507,Ho Hoang Bao Van,25/10/2003,False,d60a7dbd-3a21-4374-bbd5-721f9b24280f
59809ba6-6ae2-4926-820e-8868439a6867,Nguyen Thi Dat,21/04/2004,True,464dc6f2-3bcf-4cfc-a922-947545b1aebc
0ea75373-6f7a-4193-9249-1c6441cceb8f,Tran Thi Long,04/11/2003,True,0d46d460-844c-4a3b-87b1-64a334f1f329
ab165148-3ca3-47cf-89cb-7b2dc79fdb46,Tran Hoang Bao Anh,25/03/2003,True,286924e5-e58b-4fb9-aa93-75ef04554d0f
f09697ac-9001-45b1-8f73-2c02a90e4f0a,Nguyen Minh Trang,23/02/2002,False,286924e5-e58b-4fb9-aa93-75ef04554d0f
274b5c3f-cef2-40f7-a135-bf4cd61d234b,Ly Minh Long,08/11/2004,True,a1262a3c-5b85-452a-a901-705f71db11f4
802e22e5-8fdb-4034-9c1a-cc0d018e1748,Ly Thi Phuong,14/12/2001,True,5b1ac475-f73f-4654-8b26-637c4240acda
31291ed9-0c3f-4501-b36d-9270344c8a2b,Ho Hoang Bao Phuong,15/12/2001,True,5b1ac475-f73f-4654-8b26-637c4240acda
0e438820-25cd-4de0-b075-7eefdc37242e,Le Van Anh,13/04/2001,False,a1178f9f-f768-4dd3-b1bf-7909ca57ad11
277a61ab-5b9d-4eb5-96be-a4b6c4e2088b,Vo Hoang Bao Anh,16/08/2001,False,e816ee8b-9f0f-444a-8cee-af8951ade50c
b1ffbf36-21b8-40fb-9e52-487c3ea0f0fa,Le Van Minh,17/03/2001,True,66ddd97a-be04-4b10-b0d6-9bea0146ad55
fb6df000-6472-4bc5-a162-df01a3ee3af4,Tran Thuy Minh,07/07/2003,False,66ddd97a-be04-4b10-b0d6-9bea0146ad55
a7928359-6343-46d6-8a56-b02d91582538,Vo Thi Minh,28/01/2004,False,1d49910e-2347-44c2-9564-ea49aff0c942
1f3aec41-8525-4b9d-a524-85ab0531695f,Ho Van Trang,06/01/2003,False,e816ee8b-9f0f-444a-8cee-af8951ade50c
ff4665ae-dd5a-4529-9234-cac4111df32b,Tran Thi Minh,15/10/2003,False,a1262a3c-5b85-452a-a901-705f71db11f4
f1eeed7b-7115-4157-b544-a656fec3c572,Tran Anh Trang,15/03/2001,False,79af7c4d-fc04-4e3f-8797-3b4f544c643a
85db8062-c4ce-481e-9d91-160f7fa8a8a0,Nguyen Minh Khanh,01/07/2002,True,9906c6ed-1187-4684-ae42-6f6e230d8181
4d4c0cde-bfd0-4f44-8035-60115620c60b,Ho Thuy Hoa,01/05/2004,True,d9020432-d533-412f-b45e-8055b12f8aa8
f4dffa8b-a536-422a-a97c-df75dd272b47,Tran Thuy Trang,01/02/2003,False,286924e5-e58b-4fb9-aa93-75ef04554d0f
0ba07b8c-a299-4a67-afdb-22879f67f851,Ly Van Trang,06/07/2001,False,35bd0afd-a226-41b2-9d59-7b9a08c979ab
4edf35eb-d585-48b0-9abd-44e59b718aff,Vo Thuy Minh,28/01/2001,False,35bd0afd-a226-41b2-9d59-7b9a08c979ab
9a47fb70-af0e-4a1a-9e72-0ba7d9672db2,Ly Anh Minh,22/07/2002,False,66ddd97a-be04-4b10-b0d6-9bea0146ad55
43818ced-e71c-40dc-b6c7-2cfea3f9c439,Tran Thuy Uyen,06/07/2002,False,5b1ac475-f73f-4654-8b26-637c4240acda
b6711647-1acd-4cf0-b31d-ee2a83960874,Nguyen Thuy Anh,02/04/2002,True,d9020432-d533-412f-b45e-8055b12f8aa8
f738d542-9d2a-4ed3-a9e0-56764493000d,Nguyen Van Dat,18/05/2002,True,464dc6f2-3bcf-4cfc-a922-947545b1aebc
2941c628-62f9-49f9-bb9e-438ffa81c9eb,Tran Anh Thanh,10/08/2003,True,286924e5-e58b-4fb9-aa93-75ef04554d0f
6193274b-3480-45d8-9c5a-bd08beaa7578,Tran Hoang Bao Dat,08/04/2003,True,1d49910e-2347-44c2-9564-ea49aff0c942
29588132-25ae-48c8-b897-d2b1a4a8bc4f,Ho Minh Van,20/04/2002,False,66ddd97a-be04-4b10-b0d6-9bea0146ad55
b50ed015-a6a5-4247-9712-22eec0e59d7b,Tran Anh Minh,28/10/2002,False,d9020432-d533-412f-b45e-8055b12f8aa8
822fb25d-00a7-494e-b2b2-bb13b88cc39f,Vo Anh Trang,19/12/2001,False,d0259ae6-76fb-45ce-9670-4faee9205de5
e4cf7df3-fc25-4fd8-a62a-a2878a359f33,Ho Anh Long,26/06/2004,True,0d46d460-844c-4a3b-87b1-64a334f1f329
de2b3fae-b3d0-47ad-9fa0-a9587a854c15,Vo Anh Trang,14/07/2003,False,a1262a3c-5b85-452a-a901-705f71db11f4
47a260d9-72c0-4628-9860-419562849e5b,Vo Thuy Hoa,30/12/2004,True,286924e5-e58b-4fb9-aa93-75ef04554d0f
e9f54e11-c0a3-45f2-a454-7a5340fc489e,Le Thi Long,25/09/2001,True,9906c6ed-1187-4684-ae42-6f6e230d8181
46b07266-f81e-41fe-b46e-fe3c6d195abc,Ly Anh Khanh,28/08/2001,True,1d49910e-2347-44c2-9564-ea49aff0c942
80770f19-549f-416a-b59d-49ef2d8acf52,Ho Minh Minh,19/05/2002,True,a1262a3c-5b85-452a-a901-705f71db11f4
7afc320f-af92-4111-98bb-4a3adb44d284,Le Hoang Bao Phuong,09/12/2003,False,ce96e559-933c-4715-85a8-7a8e03e25f79
0e3bd2ca-9b76-4425-b717-af38f723f1f0,Le Hoang Bao Khanh,10/05/2001,False,9906c6ed-1187-4684-ae42-6f6e230d8181
2b1fc64c-da7c-4469-8759-7959d6879382,Ho Van Thanh,04/06/2003,True,0d46d460-844c-4a3b-87b1-64a334f1f329
69bccdd1-9510-446d-9f6e-5773a0b329ca,Vo Minh Long,22/05/2002,True,9906c6ed-1187-4684-ae42-6f6e230d8181
48aca509-7b35-4ad1-99fe-f729823311ba,Ho Hoang Bao Phuong,06/10/2002,False,e816ee8b-9f0f-444a-8cee-af8951ade50c
63ebc40a-9f89-4335-98fc-a5d6ac609b15,Vo Hoang Bao Anh,01/09/2001,True,a1262a3c-5b85-452a-a901-705f71db11f4
872bddc0-9974-4010-87da-056c12962f25,Le Van Anh,12/02/2002,False,d9020432-d533-412f-b45e-8055b12f8aa8
ad8ed5c9-f405-41c3-b54e-e8bf4d68ac93,Nguyen Hoang Bao Anh,10/08/2004,False,5b1ac475-f73f-4654-8b26-637c4240acda
3ed21305-644e-4936-90e2-a3a2ea1fe316,Vo Thi Phuong,22/01/2003,False,5b1ac475-f73f-4654-8b26-637c4240acda
ec847144-c46b-4a0c-be02-46358f58d12a,Vo Thuy Hoa,06/10/2003,True,35bd0afd-a226-41b2-9d59-7b9a08c979ab
20af033a-bb7b-44e3-a34f-7d6d214a05b9,Tran Thi Uyen,16/08/2001,False,d60a7dbd-3a21-4374-bbd5-721f9b24280f
273436a8-c83f-4f5a-b6b4-166a96f9998b,Tran Thuy Thanh,25/01/2004,True,a1262a3c-5b85-452a-a901-705f71db11f4
d325c53e-0c1c-4298-aebd-9320c128e546,Vo Thi Trang,17/11/2002,False,d9020432-d533-412f-b45e-8055b12f8aa8
ee495baf-f33f-4273-9bad-421868cc0399,Ly Minh Thanh,11/05/2003,True,0d46d460-844c-4a3b-87b1-64a334f1f329
3d64cca6-b5fb-487a-bffa-d37ec99af428,Tran Thuy Phuong,14/06/2004,False,9906c6ed-1187-4684-ae42-6f6e230d8181
39dff107-3f79-457b-a608-8a8ca02a468b,Nguyen Minh Uyen,03/12/2002,False,0d46d460-844c-4a3b-87b1-64a334f1f329
33c30c34-3485-4f40-b76e-4fb7e966c921,Nguyen Anh Anh,23/01/2002,True,0d46d460-844c-4a3b-87b1-64a334f1f329
d6431881-1c2c-4328-bd80-cc5a18ba41a7,Vo Thuy Dat,04/07/2003,True,488082a4-e02c-49ee-a50c-644bcd829e8c
2ef82c57-4dcb-4990-9bae-dc79cfc12eab,Ho Anh Thanh,20/09/2004,True,d9020432-d533-412f-b45e-8055b12f8aa8
32447775-fea6-4107-aa13-55d6dfddea09,Vo Minh Khanh,03/10/2004,False,488082a4-e02c-49ee-a50c-644bcd829e8c
f13f618e-e65a-450d-8ee0-b7007d8838fc,Tran Thi Phuong,12/03/2002,True,1d49910e-2347-44c2-9564-ea49aff0c942
a7f261d3-743f-4dc9-9e73-7881ba9a9aba,Ho Anh Hoa,11/08/2003,True,1d49910e-2347-44c2-9564-ea49aff0c942
07e622dc-0f84-4529-9caa-476b4a02c7a9,Nguyen Anh Hoa,03/12/2004,True,d60a7dbd-3a21-4374-bbd5-721f9b24280f
d0f76c77-6cee-41c4-9b95-81761eaa1ca7,Ly Minh Khanh,12/01/2002,False,e816ee8b-9f0f-444a-8cee-af8951ade50c
3da2e03d-28c2-4b12-ab59-20e7276d41f5,Ly Van Anh,29/08/2001,False,e816ee8b-9f0f-444a-8cee-af8951ade50c
9b825a00-34fa-446f-876a-23107dec6134,Ly Thi Long,12/08/2001,True,464dc6f2-3bcf-4cfc-a922-947545b1aebc
76f7e037-ef61-4a48-9f27-9aea01bb5cd1,Tran Thuy Phuong,18/05/2003,False,ce96e559-933c-4715-85a8-7a8e03e25f79
f9f8b68f-e107-4772-9f90-991d0d074b27,Ly Thi Long,25/03/2002,True,0d46d460-844c-4a3b-87b1-64a334f1f329
cfd8833c-9adf-46d7-9dc5-9da9d09b3255,Ly Hoang Bao Anh,25/06/2001,True,35bd0afd-a226-41b2-9d59-7b9a08c979ab
fd4d2464-1fcf-4995-8235-177d6d801cfe,Nguyen Minh Phuong,26/05/2004,False,5b1ac475-f73f-4654-8b26-637c4240acda
ee4eeb6c-c67c-4236-9a91-db4cc4fe84e3,Le Hoang Bao Hoa,02/07/2004,True,e816ee8b-9f0f-444a-8cee-af8951ade50c
36ecdde2-cd95-41ef-9197-cd292b9dd610,Ly Thi Khanh,25/12/2003,True,488082a4-e02c-49ee-a50c-644bcd829e8c
90b025c1-63cf-4d5b-8278-2746e3786820,Ho Hoang Bao Minh,02/02/2001,True,e816ee8b-9f0f-444a-8cee-af8951ade50c
32700725-2a9f-4496-a561-0b98c00f31dc,Ly Van Phuong,18/09/2002,False,66ddd97a-be04-4b10-b0d6-9bea0146ad55
29203238-c75c-4764-8e63-7b9250901e9a,Nguyen Hoang Bao Minh,05/11/2001,False,1d49910e-2347-44c2-9564-ea49aff0c942
b8acf0c8-c7fb-409c-bddb-55877d8a5392,Ho Van Phuong,05/08/2003,True,464dc6f2-3bcf-4cfc-a922-947545b1aebc
3431f408-995d-4a0a-813e-b4674d322f26,Le Hoang Bao Thanh,18/03/2003,True,a1262a3c-5b85-452a-a901-705f71db11f4
a4dd5225-0867-435f-9d5b-e7b82751720c,Ho Van Thanh,17/02/2001,True,d0259ae6-76fb-45ce-9670-4faee9205de5
7f163963-288f-4f80-b94f-d6fb871e7585,Le Anh Dat,13/07/2002,True,1d49910e-2347-44c2-9564-ea49aff0c942
fee04f95-74f2-4d20-8053-6eeb8bab93e6,Ho Hoang Bao Trang,28/03/2004,False,a1178f9f-f768-4dd3-b1bf-7909ca57ad11
2d518379-9023-4cd7-a02b-6a58321069b5,Le Thi Hoa,28/04/2001,True,79af7c4d-fc04-4e3f-8797-3b4f544c643a
c01f7614-7b7c-4c44-b466-6295a5b79f2f,Ly Thi Minh,01/10/2004,False,d60a7dbd-3a21-4374-bbd5-721f9b24280f
a54c323e-0acc-4c71-ac07-bc6fa2a60336,Ly Anh Hoa,11/07/2001,True,79af7c4d-fc04-4e3f-8797-3b4f544c643a
9267bd79-c12f-4331-ac27-47aae4e006cf,Ly Minh Long,14/04/2004,True,0d46d460-844c-4a3b-87b1-64a334f1f329
af443dcb-8b67-4298-ae12-3dd0a9e90b83,Vo Thuy Anh,19/04/2002,True,286924e5-e58b-4fb9-aa93-75ef04554d0f
2b5b28b5-f1ac-4aed-a6c0-066ccfea6281,Nguyen Thi Uyen,20/02/2003,False,5b1ac475-f73f-4654-8b26-637c4240acda
3e026710-6bf9-44fd-bca5-a5ae151854df,Ho Van Anh,01/04/2002,True,35bd0afd-a226-41b2-9d59-7b9a08c979ab
19a17724-239e-47c4-a0e8-112af03af558,Ho Thi Dat,20/12/2002,True,79af7c4d-fc04-4e3f-8797-3b4f544c643a
72fe22a5-11f8-4764-a6d9-1ed238357d7e,Tran Van Trang,22/10/2002,False,d60a7dbd-3a21-4374-bbd5-721f9b24280f
6949215d-690f-4f72-8bb0-acdf1ca9d538,Ho Hoang Bao Minh,13/03/2004,True,0d46d460-844c-4a3b-87b1-64a334f1f329
d3bc65fc-2594-4e8a-b5b2-75d8d0e82763,Tran Anh Long,01/05/2003,True,79af7c4d-fc04-4e3f-8797-3b4f544c643a
4ce3bdc1-a2a1-4ddc-853f-31e6aaac1641,Ho Thuy Khanh,03/04/2004,True,1d49910e-2347-44c2-9564-ea49aff0c942
88934fd8-fe2c-4933-a60f-3f87748b80eb,Tran Minh Dat,12/01/2004,True,79af7c4d-fc04-4e3f-8797-3b4f544c643a
4228cc45-58fa-4220-b5d6-dc1e1b5c88fe,Ho Thi Anh,20/10/2004,True,d60a7dbd-3a21-4374-bbd5-721f9b24280f
8f9e78fd-8bc1-43fa-9417-ad0b9188d509,Ly Hoang Bao Van,15/09/2004,False,a1178f9f-f768-4dd3-b1bf-7909ca57ad11
2ed3a6eb-ff1f-471d-b9dd-8f0f84c3677e,Vo Anh Khanh,27/07/2003,False,9906c6ed-1187-4684-ae42-6f6e230d8181
cf50eee2-5837-41cf-914e-35c2b8ad8b7b,Tran Hoang Bao Minh,26/07/2002,False,9906c6ed-1187-4684-ae42-6f6e230d8181
87f2afaf-27ac-4964-aaec-9c5774141372,Le Hoang Bao Dat,04/07/2001,True,e816ee8b-9f0f-444a-8cee-af8951ade50c
5c5dea61-13d9-4f81-95ae-094ad0cd7ea7,Vo Hoang Bao Long,06/05/2001,True,79af7c4d-fc04-4e3f-8797-3b4f544c643a
535b8629-8395-4af6-bf22-bb9934e84390,Tran Hoang Bao Thanh,24/01/2002,True,0d46d460-844c-4a3b-87b1-64a334f1f329
770fc503-40b3-47c4-ad6d-b5cb8d531eb5,Ly Anh Long,15/12/2004,True,d9020432-d533-412f-b45e-8055b12f8aa8
05357af9-2dbb-43a9-bfb0-e694294c2a82,Tran Minh Phuong,09/06/2004,False,488082a4-e02c-49ee-a50c-644bcd829e8c
d65e19bf-02ae-4bdf-8b18-e69866797159,Ly Hoang Bao Minh,10/08/2002,False,ce96e559-933c-4715-85a8-7a8e03e25f79
546c27be-b6df-4628-9e59-f1a3bf74a0fd,Le Thi Uyen,13/07/2001,False,35bd0afd-a226-41b2-9d59-7b9a08c979ab
54a6f31f-dd26-4f1a-8152-46b6bf09c4d9,Ho Thi Trang,24/11/2002,False,35bd0afd-a226-41b2-9d59-7b9a08c979ab
392704aa-3884-494c-8115-3bbd27e96eb2,Nguyen Hoang Bao Anh,03/03/2002,True,d60a7dbd-3a21-4374-bbd5-721f9b24280f
fa2bca86-1cc4-4a77-ae46-a9a990b3e0b6,Tran Thi Dat,14/05/2002,True,e816ee8b-9f0f-444a-8cee-af8951ade50c
7e20c9ee-9210-4e90-ad62-5f1326c61157,Le Hoang Bao Uyen,05/12/2002,False,d0259ae6-76fb-45ce-9670-4faee9205de5
b56e88ab-0f39-4ae9-aec2-7f6e6d70a791,Ho Anh Anh,16/03/2003,False,9906c6ed-1187-4684-ae42-6f6e230d8181
97fb83af-dbc1-4cbe-a8c8-67b7a573cf91,Tran Van Khanh,30/11/2002,True,464dc6f2-3bcf-4cfc-a922-947545b1aebc
19586530-7a53-4f48-9944-e09b7fbefd0a,Vo Van Van,05/05/2004,False,286924e5-e58b-4fb9-aa93-75ef04554d0f
bdc4c714-fd41-4606-865e-541cd764dab9,Ly Van Trang,23/11/2001,False,0d46d460-844c-4a3b-87b1-64a334f1f329
1e043894-6105-4591-a004-f7039234b831,Nguyen Thi Thanh,04/11/2004,True,0d46d460-844c-4a3b-87b1-64a334f1f329
004fd04a-cc71-4842-892e-f8d90e14fa96,Ly Thuy Van,25/02/2004,False,5b1ac475-f73f-4654-8b26-637c4240acda
c5229af2-57e3-415d-b22d-9e420dc5ae5f,Ho Thuy Minh,13/10/2002,False,0d46d460-844c-4a3b-87b1-64a334f1f329
cb805415-ed7c-48fa-9a5a-64adc94c98a5,Le Anh Khanh,30/03/2001,False,286924e5-e58b-4fb9-aa93-75ef04554d0f
2a16ba6b-9ed9-42ce-9b01-0c4f8e2c20e1,Ly Thuy Khanh,03/04/2003,False,ce96e559-933c-4715-85a8-7a8e03e25f79
522b759d-233c-42ae-8cc4-d04f17ab1a5c,Tran Hoang Bao Van,12/03/2001,False,488082a4-e02c-49ee-a50c-644bcd829e8c
42fc60c7-044f-4466-9415-7ffdfbc445c5,Le Hoang Bao Minh,11/11/2003,True,79af7c4d-fc04-4e3f-8797-3b4f544c643a
146b55b1-bfea-4a69-8c1e-a3e09ce1cc7c,Le Minh Dat,25/12/2004,True,a1262a3c-5b85-452a-a901-705f71db11f4
d0c83328-0a8d-4489-9072-eb5f7bc0712b,Ho Thi Phuong,21/02/2002,True,464dc6f2-3bcf-4cfc-a922-947545b1aebc
fdf6f255-c5ff-40c0-90ec-700188aaf27d,Ho Minh Dat,06/12/2004,True,d60a7dbd-3a21-4374-bbd5-721f9b24280f
ecf4162f-d4b6-4e64-905c-848790dd7fd4,Ho Thuy Minh,28/08/2004,True,488082a4-e02c-49ee-a50c-644bcd829e8c
d2d70e45-07f2-448b-a41c-bf61e6bbf7f9,Tran Anh Khanh,27/03/2003,False,66ddd97a-be04-4b10-b0d6-9bea0146ad55
92394bb2-34f8-42c5-8348-4f6db48f1d78,Ly Minh Khanh,22/09/2003,False,1d49910e-2347-44c2-9564-ea49aff0c942
c73178dc-9b6a-4bbc-9cc5-5fa4c967cc9f,Ly Thi Khanh,28/05/2002,True,79af7c4d-fc04-4e3f-8797-3b4f544c643a
1aab2e08-139f-4a97-810f-0439449c5ec0,Ly Minh Hoa,26/07/2001,True,d0259ae6-76fb-45ce-9670-4faee9205de5
7a48f121-227f-4a77-ae7d-8a2552abcd7f,Ly Anh Thanh,06/07/2002,True,0d46d460-844c-4a3b-87b1-64a334f1f329
b82bc85b-6884-4920-b70b-36c618716d56,Tran Hoang Bao Long,04/07/2001,True,464dc6f2-3bcf-4cfc-a922-947545b1aebc
f572ce89-3179-44b0-af42-e8dc271932cd,Vo Anh Anh,09/04/2004,True,488082a4-e02c-49ee-a50c-644bcd829e8c
58e91a60-ebb8-4fcf-8203-9e8aadead761,Vo Thi Khanh,25/09/2003,False,286924e5-e58b-4fb9-aa93-75ef04554d0f
9c674e76-c7b0-429c-a4ae-5f893a1cb65e,Ly Hoang Bao Minh,10/11/2003,False,d0259ae6-76fb-45ce-9670-4faee9205de5
12ab95e4-6df4-4d31-bba9-dc2293857097,Vo Hoang Bao Phuong,08/08/2003,False,5b1ac475-f73f-4654-8b26-637c4240acda
d7a0cbcd-469b-48f4-a1c8-f94a607da362,Vo Minh Uyen,19/05/2002,False,9906c6ed-1187-4684-ae42-6f6e230d8181
6a7bd243-31d9-431b-82aa-99ca1b06cfa9,Ly Thi Phuong,22/09/2001,True,286924e5-e58b-4fb9-aa93-75ef04554d0f
749768a8-abde-4792-be8c-7c103235b488,Nguyen Anh Dat,09/10/2001,True,66ddd97a-be04-4b10-b0d6-9bea0146ad55
c83c3b81-0c01-4209-84f4-627cfaac1fb5,Ho Hoang Bao Minh,27/06/2001,False,9906c6ed-1187-4684-ae42-6f6e230d8181
3458877a-3997-47cb-8c3b-ab05de255d35,Vo Thi Minh,21/05/2002,True,e816ee8b-9f0f-444a-8cee-af8951ade50c
5292e995-0a54-4564-abc2-840e0448aa50,Nguyen Thuy Khanh,26/07/2003,True,ce96e559-933c-4715-85a8-7a8e03e25f79
63ee28a4-da8c-41d2-84c4-a64a23694050,Ho Thuy Khanh,17/07/2003,True,ce96e559-933c-4715-85a8-7a8e03e25f79
120d7aa2-6471-4283-b21a-c169b24a88fd,Ly Thi Uyen,13/12/2003,False,a1178f9f-f768-4dd3-b1bf-7909ca57ad11
bd7d5c63-489b-4d4d-8414-a2ccb7935655,Nguyen Thi Minh,26/08/2004,False,9906c6ed-1187-4684-ae42-6f6e230d8181
95235541-9a21-4890-b028-b185f9744ad4,Ly Thi Phuong,29/01/2004,False,35bd0afd-a226-41b2-9d59-7b9a08c979ab
75d65cc8-a9fa-473e-8459-715588bb0a99,Ho Thi Anh,13/09/2001,False,464dc6f2-3bcf-4cfc-a922-947545b1aebc
277b31fb-d0d5-4850-b575-53c6142c3c66,Le Hoang Bao Khanh,02/05/2004,False,a1262a3c-5b85-452a-a901-705f71db11f4
c0ffdc8f-a304-4fb7-9bc2-2440d7c2371b,Tran Anh Phuong,01/01/2002,True,286924e5-e58b-4fb9-aa93-75ef04554d0f
57b7d8f7-0be7-4c44-8fc6-bce65d513eb9,Ly Thuy Trang,03/07/2003,False,1d49910e-2347-44c2-9564-ea49aff0c942
86181a95-b94f-4d73-9503-be7ccf0c713f,Nguyen Thuy Phuong,13/06/2001,True,488082a4-e02c-49ee-a50c-644bcd829e8c
0201920c-62a3-435d-9f55-b8f799ff90ec,Ho Hoang Bao Thanh,17/03/2004,True,d9020432-d533-412f-b45e-8055b12f8aa8
3980072b-00ae-4db4-ad1f-df2a1ad56862,Ly Van Khanh,13/11/2002,False,ce96e559-933c-4715-85a8-7a8e03e25f79
d64d49b3-3260-472b-9519-3a65edf70649,Le Minh Uyen,26/01/2004,False,5b1ac475-f73f-4654-8b26-637c4240acda
ad0caeeb-5f86-4e12-9100-268bfffe5b45,Vo Hoang Bao Anh,31/05/2001,False,d0259ae6-76fb-45ce-9670-4faee9205de5
76d3419f-96d1-4ae8-b8d6-a643c8d4df01,Nguyen Minh Anh,20/05/2004,True,d60a7dbd-3a21-4374-bbd5-721f9b24280f
b64bdaec-b2a9-4904-ad3e-ca44a7f64cb3,Nguyen Anh Khanh,28/12/2002,True,d60a7dbd-3a21-4374-bbd5-721f9b24280f
e53d35ea-5cd3-431f-8b95-6f362607c6d8,Ho Thuy Minh,04/01/2003,True,488082a4-e02c-49ee-a50c-644bcd829e8c
e93d9584-66e4-4b7a-9d1e-b1ac63571a9c,Ly Anh Phuong,09/01/2003,True,66ddd97a-be04-4b10-b0d6-9bea0146ad55
fdc5fa45-2d9b-43c4-af89-dd661ec83b6f,Nguyen Van Phuong,14/08/2003,False,d0259ae6-76fb-45ce-9670-4faee9205de5
801fd9ec-7396-4a5f-8bb6-dcdfe30a8cf8,Tran Thuy Anh,01/09/2003,False,79af7c4d-fc04-4e3f-8797-3b4f544c643a
ae41ff88-b113-4171-be20-45831a1ae83e,Ho Minh Anh,23/04/2004,True,d60a7dbd-3a21-4374-bbd5-721f9b24280f
ec8cc5ca-ea07-4b4f-b3e3-95956a566bbf,Nguyen Anh Khanh,18/02/2002,False,79af7c4d-fc04-4e3f-8797-3b4f544c643a
959bf653-2dda-4822-8189-48f20e335c2f,Le Minh Phuong,15/02/2002,False,5b1ac475-f73f-4654-8b26-637c4240acda
1a4f2d50-d37b-4e95-bf98-b40fa325a8f6,Vo Van Uyen,16/11/2004,False,9906c6ed-1187-4684-ae42-6f6e230d8181
5af1b57d-4d76-4af3-b5e3-f990b1471dae,Vo Minh Khanh,13/05/2001,True,e816ee8b-9f0f-444a-8cee-af8951ade50c
c9ef79b4-6485-4d83-806a-50750a2507af,Le Thi Minh,30/09/2001,True,d0259ae6-76fb-45ce-9670-4faee9205de5
52be989d-0e19-43b8-a091-1b3190bf26ed,Ho Van Khanh,01/04/2003,True,d0259ae6-76fb-45ce-9670-4faee9205de5
357eccd2-f886-4882-8531-38a196c252ea,Ly Van Uyen,14/11/2002,False,79af7c4d-fc04-4e3f-8797-3b4f544c643a
f4e76e90-cd39-44da-83db-300793661c0b,Ho Van Thanh,20/07/2003,True,e816ee8b-9f0f-444a-8cee-af8951ade50c
106d3a6e-40a7-4be1-aa26-c4939dab2472,Ly Anh Phuong,27/08/2002,True,d0259ae6-76fb-45ce-9670-4faee9205de5
56130612-d636-46b3-b693-a7607c12bf06,Vo Van Long,27/10/2003,True,d60a7dbd-3a21-4374-bbd5-721f9b24280f
67670a28-0e99-48c9-8327-19a1bef49003,Vo Anh Phuong,30/11/2002,False,464dc6f2-3bcf-4cfc-a922-947545b1aebc
b7beea56-412c-4853-bb94-1a7f2c4dd929,Ho Hoang Bao Anh,09/05/2003,False,d60a7dbd-3a21-4374-bbd5-721f9b24280f
6e311e63-b399-4856-b2ee-4762fe428c63,Tran Thi Khanh,29/11/2002,True,488082a4-e02c-49ee-a50c-644bcd829e8c
fde18b05-a239-482b-9002-d100e57caf27,Ly Minh Anh,17/03/2001,True,ce96e559-933c-4715-85a8-7a8e03e25f79
1a0d000d-410f-41c4-bc95-b5c0fde2766e,Tran Thi Hoa,01/03/2003,True,79af7c4d-fc04-4e3f-8797-3b4f544c643a
ec03c5ea-9d53-4b57-89ee-e650177b7304,Le Minh Phuong,15/10/2003,False,a1178f9f-f768-4dd3-b1bf-7909ca57ad11
9d5360a7-ab60-462c-9048-f6b86ac044f8,Tran Hoang Bao Khanh,15/04/2004,True,488082a4-e02c-49ee-a50c-644bcd829e8c
d9bde40e-beaa-407c-8692-a67da2aabc16,Le Minh Trang,19/02/2002,False,35bd0afd-a226-41b2-9d59-7b9a08c979ab
d561c9b3-b978-4bdc-a51c-957b58dcd336,Ly Hoang Bao Van,07/12/2001,False,35bd0afd-a226-41b2-9d59-7b9a08c979ab
d417c7cd-0af8-42f6-b336-144834daace4,Le Hoang Bao Phuong,08/05/2003,False,d60a7dbd-3a21-4374-bbd5-721f9b24280f
99466711-c61c-4c72-8d58-02e9f58ac5bc,Le Van Thanh,26/04/2002,True,464dc6f2-3bcf-4cfc-a922-947545b1aebc
c41ff9ce-9f90-4e30-8675-fdfdffe348ae,Ly Van Anh,07/06/2002,True,79af7c4d-fc04-4e3f-8797-3b4f544c643a
12e9c0a8-16f1-4079-8628-af43a39d1e5d,Vo Thuy Uyen,19/09/2004,False,488082a4-e02c-49ee-a50c-644bcd829e8c
886a0deb-ce50-464b-8f0c-dd6ad49e7189,Vo Hoang Bao Minh,22/06/2004,True,ce96e559-933c-4715-85a8-7a8e03e25f79
30486af1-58c5-47e7-ae2f-5fed58ff9f6b,Ly Hoang Bao Khanh,16/11/2004,True,d60a7dbd-3a21-4374-bbd5-721f9b24280f
a3998829-94c8-4c52-b6d9-5d1389e2519b,Tran Van Long,07/10/2003,True,1d49910e-2347-44c2-9564-ea49aff0c942
a29cf633-e7bd-46e0-9f45-37215950c4f1,Ho Thi Thanh,10/05/2001,True,35bd0afd-a226-41b2-9d59-7b9a08c979ab
d8044499-2ce6-4c51-b67e-6d872b73f49b,Ly Thuy Phuong,21/12/2003,False,0d46d460-844c-4a3b-87b1-64a334f1f329
a9b000b4-139f-4717-bcfd-1584cac2f840,Vo Hoang Bao Trang,20/02/2004,False,286924e5-e58b-4fb9-aa93-75ef04554d0f
5f31a15e-1c76-4a51-864a-c87531e74725,Ho Anh Van,04/02/2002,False,e816ee8b-9f0f-444a-8cee-af8951ade50c
a7480ae0-0cfa-4328-955e-9c63913e5123,Vo Hoang Bao Minh,08/02/2001,True,d9020432-d533-412f-b45e-8055b12f8aa8
c6c5b5f8-3675-4f18-ad0f-53c11c36deee,Tran Van Van,10/09/2003,False,488082a4-e02c-49ee-a50c-644bcd829e8c
49e754c3-6a19-464c-84c8-ff24c23d4b89,Nguyen Hoang Bao Minh,07/09/2003,True,a1178f9f-f768-4dd3-b1bf-7909ca57ad11
a9ce9c95-bb20-4ddc-baa5-a0d5857408d9,Tran Minh Khanh,03/06/2003,False,d0259ae6-76fb-45ce-9670-4faee9205de5
8aef3784-dc03-4cda-b0c8-8533732e5cdd,Nguyen Thuy Uyen,28/07/2004,False,a1178f9f-f768-4dd3-b1bf-7909ca57ad11
aee9ad7a-a126-4539-bc5d-4cae0b466863,Ly Hoang Bao Minh,03/03/2004,True,5b1ac475-f73f-4654-8b26-637c4240acda
af894b65-de4b-4628-b2fb-42bfd9fb98bf,Ho Anh Uyen,30/10/2003,False,d9020432-d533-412f-b45e-8055b12f8aa8
bd91d7e0-b8bd-4db2-ab72-0710fb641a6c,Le Van Phuong,28/09/2001,True,286924e5-e58b-4fb9-aa93-75ef04554d0f
fc53ee0f-c63e-4c3e-a579-10cd1351b77e,Le Thi Anh,29/10/2004,True,66ddd97a-be04-4b10-b0d6-9bea0146ad55
50c92e36-f8e3-4bde-a273-4fb9c424155e,Le Thuy Hoa,22/06/2002,True,66ddd97a-be04-4b10-b0d6-9bea0146ad55
28ecd356-b1ff-442c-bf40-fb724ab332fc,Ly Van Long,24/12/2001,True,66ddd97a-be04-4b10-b0d6-9bea0146ad55
a03d41f1-5e75-4b47-b331-213849081f29,Ly Hoang Bao Anh,30/11/2002,True,35bd0afd-a226-41b2-9d59-7b9a08c979ab
c80cd1b1-829a-4245-bb8a-97ba8f29a1c1,Ly Hoang Bao Uyen,10/01/2002,False,464dc6f2-3bcf-4cfc-a922-947545b1aebc
15a601ff-2c91-4db5-9f72-01de4da6a217,Tran Minh Van,28/04/2003,False,464dc6f2-3bcf-4cfc-a922-947545b1aebc
1a4251c3-836d-44bb-8756-e593264f9c5d,Ho Minh Anh,01/02/2004,False,d60a7dbd-3a21-4374-bbd5-721f9b24280f
e2400ab8-8817-4872-a129-6c41298454cc,Tran Van Minh,27/02/2001,True,0d46d460-844c-4a3b-87b1-64a334f1f329
3134f1ff-4e6f-4b7e-9a3a-2a9730908f6f,Le Van Khanh,27/11/2002,False,464dc6f2-3bcf-4cfc-a922-947545b1aebc
dd94c6bc-d9f3-4ae6-a24b-9b3b872b0f61,Le Anh Minh,06/07/2003,True,d9020432-d533-412f-b45e-8055b12f8aa8
5cd99d49-5592-4079-98c0-9da11a1d4058,Ho Anh Minh,11/07/2001,True,66ddd97a-be04-4b10-b0d6-9bea0146ad55
04ce5520-4f03-49ab-9421-d85439701e50,Ho Minh Minh,04/04/2004,False,d0259ae6-76fb-45ce-9670-4faee9205de5
0466ee2e-f589-4cfc-88ba-8ed5a5101aa3,Tran Thi Van,11/09/2004,False,5b1ac475-f73f-4654-8b26-637c4240acda
9cdf53de-c6fc-4747-824d-3c984570c801,Vo Thi Anh,07/06/2004,True,d0259ae6-76fb-45ce-9670-4faee9205de5
4dba9d44-1caa-40f1-91f9-fe5265a33ef3,Vo Thi Anh,10/06/2002,True,d60a7dbd-3a21-4374-bbd5-721f9b24280f
f002e30d-2a34-4121-b4a5-3f30bc2210cf,Ho Van Minh,25/07/2003,True,ce96e559-933c-4715-85a8-7a8e03e25f79
fa968225-bdf0-4314-9563-c3fc0fa24356,Nguyen Thi Thanh,06/07/2001,True,a1262a3c-5b85-452a-a901-705f71db11f4
5ef41077-4fcf-458d-a62b-882138b9adde,Le Anh Hoa,27/04/2001,True,e816ee8b-9f0f-444a-8cee-af8951ade50c
dab61507-c480-4d67-853a-a051db47585f,Le Thi Uyen,12/08/2004,False,464dc6f2-3bcf-4cfc-a922-947545b1aebc
5358d3c5-75cf-4f43-b352-19e97d399521,Tran Van Minh,24/12/2003,False,d60a7dbd-3a21-4374-bbd5-721f9b24280f
96cf47af-ac63-4d92-9971-81c9d4ab3a9c,Vo Anh Minh,02/08/2001,False,488082a4-e02c-49ee-a50c-644bcd829e8c
2de5362e-f8ad-4dc0-9ba2-9eb044842fcd,Ly Thi Long,16/10/2003,True,286924e5-e58b-4fb9-aa93-75ef04554d0f
09678f41-9a7b-4728-bbda-3c4e5b808a93,Ly Thi Dat,07/03/2001,True,ce96e559-933c-4715-85a8-7a8e03e25f79
5fc86cef-2c2f-4073-b69f-b814c55b86fe,Ly Van Khanh,08/05/2002,True,d60a7dbd-3a21-4374-bbd5-721f9b24280f
6533e1c6-7310-4abe-b360-e6eca1f40b7e,Ly Van Trang,19/01/2003,False,79af7c4d-fc04-4e3f-8797-3b4f544c643a
a59dbcbe-2efd-4aab-bfd4-66e0ff552580,Ly Hoang Bao Anh,29/11/2003,False,5b1ac475-f73f-4654-8b26-637c4240acda
b8bfe23d-ec66-424a-8dfb-d2b9320229f6,Le Anh Minh,17/08/2003,True,9906c6ed-1187-4684-ae42-6f6e230d8181
ded6996b-1edf-4080-9fc5-00b456d48a35,Vo Van Uyen,29/03/2003,False,9906c6ed-1187-4684-ae42-6f6e230d8181
6d8aaa4a-904f-4197-8c26-fa2bf65cf8ad,Ly Minh Khanh,18/01/2002,False,a1262a3c-5b85-452a-a901-705f71db11f4
0f9696df-4ef7-4cfd-b072-7d5be6e30ef8,Le Thuy Minh,18/05/2003,True,66ddd97a-be04-4b10-b0d6-9bea0146ad55
3e889993-f82d-4186-bdda-e57eb488c029,Ho Anh Minh,11/10/2001,False,79af7c4d-fc04-4e3f-8797-3b4f544c643a
e5d1dca6-af44-4fca-ae47-7161f5545c02,Vo Thuy Trang,15/04/2001,False,a1178f9f-f768-4dd3-b1bf-7909ca57ad11
75f937a6-f8a5-4a94-90e8-da44bbc8369d,Vo Anh Phuong,20/04/2004,False,5b1ac475-f73f-4654-8b26-637c4240acda
707c98f7-a1f1-4b5c-b585-6c05a06233c5,Vo Minh Minh,19/04/2003,True,9906c6ed-1187-4684-ae42-6f6e230d8181
28b1579e-ec25-4740-ad6e-366c068a8b56,Tran Hoang Bao Hoa,20/02/2001,True,9906c6ed-1187-4684-ae42-6f6e230d8181
8f9a6cfd-8a71-401e-8e2b-98cbc8ec2a88,Ho Anh Long,15/09/2003,True,1d49910e-2347-44c2-9564-ea49aff0c942
6f06f404-00b4-47ac-bec4-41d2af16adc0,Vo Minh Anh,22/02/2002,False,1d49910e-2347-44c2-9564-ea49aff0c942
d5dc2333-fae5-4fa4-91f3-9f5bd52eaca8,Ly Thi Khanh,12/09/2004,True,286924e5-e58b-4fb9-aa93-75ef04554d0f
10ab042a-a4dc-4616-9ef2-12d68210fec9,Ho Thuy Uyen,15/04/2002,False,0d46d460-844c-4a3b-87b1-64a334f1f329
2b900042-cc87-4ead-9431-01a502a5fdc1,Le Van Phuong,05/03/2001,True,a1262a3c-5b85-452a-a901-705f71db11f4
f905b63e-4b5b-4892-be42-ea983bdbc900,Vo Hoang Bao Phuong,25/10/2002,False,9906c6ed-1187-4684-ae42-6f6e230d8181
e253dcfa-0a9f-430f-8a85-d1af5049ec17,Nguyen Hoang Bao Hoa,10/01/2001,True,d9020432-d533-412f-b45e-8055b12f8aa8
450cc5db-c683-4e77-b950-3c7a26b9f4aa,Ho Hoang Bao Khanh,19/05/2002,False,a1178f9f-f768-4dd3-b1bf-7909ca57ad11
3177d909-f8d4-419c-bc53-e8037ced6663,Tran Thi Dat,01/01/2003,True,464dc6f2-3bcf-4cfc-a922-947545b1aebc
6627488a-4a65-42e2-be07-6ae1f061effa,Nguyen Thuy Long,21/07/2004,True,ce96e559-933c-4715-85a8-7a8e03e25f79
a7539b82-9299-43a3-9ea4-4604f430cc36,Vo Thi Khanh,29/08/2004,True,9906c6ed-1187-4684-ae42-6f6e230d8181
7d63d520-345d-479a-9c6a-27a59c5752e4,Vo Hoang Bao Minh,11/11/2002,False,a1262a3c-5b85-452a-a901-705f71db11f4
713cedc0-66c6-4d54-bb2a-c178e75c666c,Ly Thi Van,08/02/2003,False,a1178f9f-f768-4dd3-b1bf-7909ca57ad11
4dfbfb83-0c3b-417a-ab06-8d8f16eb0820,Tran Thi Anh,22/12/2004,False,e816ee8b-9f0f-444a-8cee-af8951ade50c
661eb0de-9af6-4253-8a87-2d7784814090,Ly Anh Minh,30/08/2004,False,5b1ac475-f73f-4654-8b26-637c4240acda
1b3a0ccf-aa03-43ff-b152-9418b20f7b3c,Le Hoang Bao Uyen,30/01/2001,False,d9020432-d533-412f-b45e-8055b12f8aa8
f016bc89-39c5-44d1-b3a9-1f4b446deef2,Tran Hoang Bao Phuong,08/12/2004,False,35bd0afd-a226-41b2-9d59-7b9a08c979ab
e14184dc-90bd-477a-b553-c73dda00faed,Ly Hoang Bao Anh,03/03/2002,True,35bd0afd-a226-41b2-9d59-7b9a08c979ab
55f15c67-865e-4a91-9974-eccc2bede24d,Tran Van Dat,12/03/2003,True,a1178f9f-f768-4dd3-b1bf-7909ca57ad11
92cb09e3-389c-40ae-841e-3dcfe9dbe2f9,Ho Minh Khanh,27/05/2003,True,d0259ae6-76fb-45ce-9670-4faee9205de5
320190e8-9c79-49a2-b358-d44370ada6b4,Ho Van Phuong,10/05/2004,True,1d49910e-2347-44c2-9564-ea49aff0c942
1ad24619-d353-48c5-8f73-d81d81f9de3d,Tran Thi Thanh,01/04/2002,True,a1262a3c-5b85-452a-a901-705f71db11f4
2eb130ee-0177-48ea-ac55-fa97444acc2d,Ly Thi Khanh,18/03/2002,True,1d49910e-2347-44c2-9564-ea49aff0c942
d0d3f291-32d7-4649-90a5-676eb8062505,Le Hoang Bao Khanh,13/11/2003,False,a1178f9f-f768-4dd3-b1bf-7909ca57ad11
1332864d-1c69-4a32-90f9-2ee8309a8870,Nguyen Minh Van,16/06/2003,False,d0259ae6-76fb-45ce-9670-4faee9205de5
443b77a9-ede2-48ad-9ca7-bc6e90732d43,Nguyen Van Minh,25/12/2003,False,d9020432-d533-412f-b45e-8055b12f8aa8
55f826c0-d7a0-48fa-9b41-ef4a65b2ecca,Tran Minh Trang,18/05/2003,False,e816ee8b-9f0f-444a-8cee-af8951ade50c
66787995-4eb9-4be0-9db1-c477a1119e71,Ho Anh Hoa,26/04/2003,True,d9020432-d533-412f-b45e-8055b12f8aa8
2ecf4b41-0166-41aa-810a-8a2e8cc7534f,Vo Van Thanh,30/12/2001,True,a1178f9f-f768-4dd3-b1bf-7909ca57ad11
cdd8fe7b-bfc5-4bd1-8504-aedd40fbc14e,Tran Minh Phuong,02/11/2002,False,286924e5-e58b-4fb9-aa93-75ef04554d0f
9def1d00-5698-47ac-a240-df81a3e9b43e,Ly Van Minh,29/04/2003,True,79af7c4d-fc04-4e3f-8797-3b4f544c643a
ee62ce1b-726d-43e6-b1d4-3f2bf57635d0,Ho Anh Long,08/04/2002,True,d9020432-d533-412f-b45e-8055b12f8aa8
6de460c5-f22f-40d8-9bb8-231c77835a18,Le Anh Minh,24/08/2002,False,d9020432-d533-412f-b45e-8055b12f8aa8
e5f9c5e5-8ce8-4993-b638-480a219599cb,Nguyen Anh Dat,10/07/2004,True,66ddd97a-be04-4b10-b0d6-9bea0146ad55
41e64ec2-5647-4daf-be62-0dc161b59672,Tran Thuy Van,25/11/2002,False,5b1ac475-f73f-4654-8b26-637c4240acda
a29fc334-6177-4aa8-b879-d8c970d44f6f,Ho Anh Khanh,18/10/2003,True,a1178f9f-f768-4dd3-b1bf-7909ca57ad11
66ef1ac4-c859-4790-b1d5-05823f4bc897,Ly Minh Anh,06/10/2004,True,0d46d460-844c-4a3b-87b1-64a334f1f329
f1c0f8e5-ba50-4bfb-9c67-eb77d5705d85,Ly Van Phuong,17/08/2002,True,e816ee8b-9f0f-444a-8cee-af8951ade50c
434b6b43-3c08-4189-b457-62ec60733a30,Tran Van Trang,10/12/2001,False,a1178f9f-f768-4dd3-b1bf-7909ca57ad11
291131e3-593c-4a00-ac63-e4eb9064ef2f,Ho Thuy Hoa,03/11/2003,True,66ddd97a-be04-4b10-b0d6-9bea0146ad55
babd1c3e-bca2-4f39-a095-5f05108b956e,Tran Minh Thanh,04/03/2004,True,a1178f9f-f768-4dd3-b1bf-7909ca57ad11
