UUID,Level,Field
04ef3106-842d-4aa5-b3c6-47a26244f3c9,e4182ef4-c289-48a8-91ac-b8463c182a63,0ee041fe-d1d3-4d8c-ba29-061cf968f2ad
29649024-9f8b-42d7-b397-c82d1cf9754b,e4182ef4-c289-48a8-91ac-b8463c182a63,c8bea6c9-c450-491f-aa84-3f30aae5f2e7
697d6fe1-1fb6-4afb-a160-03fcee76532f,e4182ef4-c289-48a8-91ac-b8463c182a63,4fe78218-5ff8-47e8-88f0-c705c24d2618
9c20ab8e-c3ce-43a4-8a32-d0d6a5281f57,e4182ef4-c289-48a8-91ac-b8463c182a63,67b8701d-4f30-41bf-aca5-f929a750a03f
c25a9b47-ffe6-4889-a289-12453200d17f,e4182ef4-c289-48a8-91ac-b8463c182a63,55338c58-2a53-418e-b73e-85bcb36f459a
363cbdd0-b1d8-45cc-96ec-2ddd6b86d0ee,e4182ef4-c289-48a8-91ac-b8463c182a63,fc18353e-2199-4ba3-bfb1-ddf5f0a5723e
33f41cbf-dbfc-493b-9b3e-36b88a6bca77,e4182ef4-c289-48a8-91ac-b8463c182a63,33c94f68-56fd-4393-af40-3ff1738abd70
6346a07c-7c07-42fc-b68e-b13462d889a3,e4182ef4-c289-48a8-91ac-b8463c182a63,51e36163-199e-47bf-a71e-01d98453864d
b4f10d51-c91c-492f-8267-ea73e68f3ee7,e4182ef4-c289-48a8-91ac-b8463c182a63,c6d943fa-22f8-4f2a-a931-182766d051b9
ad525104-71e2-4844-977c-e03341f1a498,e4182ef4-c289-48a8-91ac-b8463c182a63,3f7b65ec-6b70-4eee-a89a-07b9d4f8ef7b
83cd1352-ca53-4b22-8fed-b35f529415f5,61058fee-9a9d-45d8-9b36-0eaee3186313,0ee041fe-d1d3-4d8c-ba29-061cf968f2ad
632b8431-a49c-4cea-afcc-60eea6e5f809,61058fee-9a9d-45d8-9b36-0eaee3186313,c8bea6c9-c450-491f-aa84-3f30aae5f2e7
9af683c7-26c2-4891-ba91-fc797d2c00cc,61058fee-9a9d-45d8-9b36-0eaee3186313,4fe78218-5ff8-47e8-88f0-c705c24d2618
48eb11f1-bcb5-459d-8bf9-fbadde4c7d6d,61058fee-9a9d-45d8-9b36-0eaee3186313,67b8701d-4f30-41bf-aca5-f929a750a03f
66c8892d-3556-4515-a17d-c8f3900106c5,61058fee-9a9d-45d8-9b36-0eaee3186313,55338c58-2a53-418e-b73e-85bcb36f459a
bc2a02b9-4336-4371-b338-76d6d762a77e,61058fee-9a9d-45d8-9b36-0eaee3186313,fc18353e-2199-4ba3-bfb1-ddf5f0a5723e
32f38eeb-6d14-40f6-a7ff-9a6c94e22081,61058fee-9a9d-45d8-9b36-0eaee3186313,33c94f68-56fd-4393-af40-3ff1738abd70
2c537473-f8f3-4800-a8c4-06e933985897,61058fee-9a9d-45d8-9b36-0eaee3186313,51e36163-199e-47bf-a71e-01d98453864d
9c333e42-45de-4ea5-a31c-0cefe7edca56,61058fee-9a9d-45d8-9b36-0eaee3186313,c6d943fa-22f8-4f2a-a931-182766d051b9
ae29cde4-7002-448e-9e97-56ee9e02f16f,61058fee-9a9d-45d8-9b36-0eaee3186313,3f7b65ec-6b70-4eee-a89a-07b9d4f8ef7b
46259212-4d1f-4a94-a4d0-38dc65c386f4,fecfd69e-d276-42e3-957f-468692854090,0ee041fe-d1d3-4d8c-ba29-061cf968f2ad
ef030fd5-731d-45cd-baa2-b766c5160249,fecfd69e-d276-42e3-957f-468692854090,c8bea6c9-c450-491f-aa84-3f30aae5f2e7
6274102a-7f5c-43f9-a0b7-1d3a28677404,fecfd69e-d276-42e3-957f-468692854090,4fe78218-5ff8-47e8-88f0-c705c24d2618
542f2ead-d195-4c47-be7b-f2cf95719357,fecfd69e-d276-42e3-957f-468692854090,67b8701d-4f30-41bf-aca5-f929a750a03f
ca219708-1064-4642-8374-e4732a6a4cfe,fecfd69e-d276-42e3-957f-468692854090,55338c58-2a53-418e-b73e-85bcb36f459a
c48a4387-a7e9-4f14-8944-2b99d66dc785,fecfd69e-d276-42e3-957f-468692854090,fc18353e-2199-4ba3-bfb1-ddf5f0a5723e
1cfc53a1-59fd-4c26-9c79-473d603d3346,fecfd69e-d276-42e3-957f-468692854090,33c94f68-56fd-4393-af40-3ff1738abd70
740239d4-858a-46f9-a7aa-c37b8bad6f85,fecfd69e-d276-42e3-957f-468692854090,51e36163-199e-47bf-a71e-01d98453864d
9995d136-c494-4781-a4a2-9fee54d7e0bb,fecfd69e-d276-42e3-957f-468692854090,c6d943fa-22f8-4f2a-a931-182766d051b9
08b6f0a4-596a-471c-8e99-c642a3895b22,fecfd69e-d276-42e3-957f-468692854090,3f7b65ec-6b70-4eee-a89a-07b9d4f8ef7b
